a1965.i89.07a,/sites/default/files/2020-08/a1965.i89.07a.jpg,377
a1965.i89.08,/sites/default/files/2020-08/a1965.i89.08.jpg,378
a1966.i89.03,/sites/default/files/2020-08/a1966.i89.03.jpg,379
a1966.i89.06,/sites/default/files/2020-08/a1966.i89.06.jpg,380
a1966.i89.10,/sites/default/files/2020-08/a1966.i89.10.jpg,371
a1966.i89.12,/sites/default/files/2020-08/a1966.i89.12.jpg,372
a1966.i89.13,/sites/default/files/2020-08/a1966.i89.13.jpg,374
a1967.i89.02b,/sites/default/files/2020-08/a1967.i89.02b.jpg,373
a1967.i89.13,/sites/default/files/2020-08/a1967.i89.13.jpg,376
a1967.i89.27,/sites/default/files/2020-08/a1967.i89.27.jpg,375
a1968.i89.03,/sites/default/files/2020-08/a1968.i89.03.jpg,367
a1968.i89.07,/sites/default/files/2020-08/a1968.i89.07.jpg,369
a1969.002,/sites/default/files/2020-08/a1969.002.jpg,370
a1969.017,/sites/default/files/2020-08/a1969.017.jpg,363
a1969.i89.01,/sites/default/files/2020-08/a1969.i89.01.jpg,364
a1970.001,/sites/default/files/2020-08/a1970.001.jpg,366
a1970.011,/sites/default/files/2020-08/a1970.011.jpg,365
a1970.017,/sites/default/files/2020-08/a1970.017.jpg,368
a1970.018,/sites/default/files/2020-08/a1970.018.jpg,359
a1970.021,/sites/default/files/2020-08/a1970.021.jpg,361
a1970.022,/sites/default/files/2020-08/a1970.022.jpg,360
a1970.029,/sites/default/files/2020-08/a1970.029.jpg,362
a1970.033,/sites/default/files/2020-08/a1970.033.jpg,354
a1970.034,/sites/default/files/2020-08/a1970.034.jpg,355
a1970.037,/sites/default/files/2020-08/a1970.037.jpg,356
a1970.038,/sites/default/files/2020-08/a1970.038.jpg,358
a1970.039,/sites/default/files/2020-08/a1970.039.jpg,357
a1970.040,/sites/default/files/2020-08/a1970.040.jpg,350
a1970.042,/sites/default/files/2020-08/a1970.042.jpg,349
a1970.043,/sites/default/files/2020-08/a1970.043.jpg,351
a1970.047,/sites/default/files/2020-08/a1970.047.jpg,352
a1970.054,/sites/default/files/2020-08/a1970.054.jpg,353
a1970.055,/sites/default/files/2020-08/a1970.055.jpg,344
a1970.056,/sites/default/files/2020-08/a1970.056.jpg,345
a1970.058,/sites/default/files/2020-08/a1970.058.jpg,348
a1970.059,/sites/default/files/2020-08/a1970.059.jpg,346
a1970.060,/sites/default/files/2020-08/a1970.060.jpg,347
a1970.061,/sites/default/files/2020-08/a1970.061.jpg,339
a1970.064,/sites/default/files/2020-08/a1970.064.jpg,340
a1970.069,/sites/default/files/2020-08/a1970.069.jpg,341
a1970.073,/sites/default/files/2020-08/a1970.073.jpg,342
a1970.074,/sites/default/files/2020-08/a1970.074.jpg,343
a1970.077,/sites/default/files/2020-08/a1970.077.jpg,338
a1970.079,/sites/default/files/2020-08/a1970.079.jpg,337
a1970.080,/sites/default/files/2020-08/a1970.080.jpg,333
a1970.081,/sites/default/files/2020-08/a1970.081.jpg,332
a1970.082,/sites/default/files/2020-08/a1970.082.jpg,334
a1970.083,/sites/default/files/2020-08/a1970.083.jpg,335
a1970.085,/sites/default/files/2020-08/a1970.085.jpg,336
a1970.087,/sites/default/files/2020-08/a1970.087.jpg,329
a1970.088,/sites/default/files/2020-08/a1970.088.jpg,331
a1970.089,/sites/default/files/2020-08/a1970.089.jpg,330
a1970.094,/sites/default/files/2020-08/a1970.094.jpg,324
a1970.096,/sites/default/files/2020-08/a1970.096.jpg,326
a1970.098,/sites/default/files/2020-08/a1970.098.jpg,327
a1970.103,/sites/default/files/2020-08/a1970.103.jpg,328
a1970.105,/sites/default/files/2020-08/a1970.105.jpg,318
a1970.106,/sites/default/files/2020-08/a1970.106.jpg,319
a1970.107,/sites/default/files/2020-08/a1970.107.jpg,320
a1970.109,/sites/default/files/2020-08/a1970.109.jpg,321
a1970.125,/sites/default/files/2020-08/a1970.125.jpg,322
a1970.126a.01,/sites/default/files/2020-08/a1970.126a.01.jpg,323
a1970.126a.02,/sites/default/files/2020-08/a1970.126a.02.jpg,325
a1970.126b.01,/sites/default/files/2020-08/a1970.126b.01.jpg,314
a1970.126c,/sites/default/files/2020-08/a1970.126c.jpg,315
a1970.128,/sites/default/files/2020-08/a1970.128.jpg,316
a1970.129a,/sites/default/files/2020-08/a1970.129a.jpg,317
a1971.002-1,/sites/default/files/2020-08/a1971.002-1.jpg,2
a1971.002-1,/sites/default/files/2020-08/a1971.002-1_0.jpg,4
a1971.002-2,/sites/default/files/2020-08/a1971.002-2.jpg,312
a1971.005,/sites/default/files/2020-08/a1971.005.jpg,313
a1971.006,/sites/default/files/2020-08/a1971.006.jpg,310
a1971.009,/sites/default/files/2020-08/a1971.009.jpg,311
a1971.010,/sites/default/files/2020-08/a1971.010.jpg,301
a1971.010-2,/sites/default/files/2020-08/a1971.010-2.jpg,309
a1971.011,/sites/default/files/2020-08/a1971.011.jpg,307
a1971.012,/sites/default/files/2020-08/a1971.012.jpg,308
a1971.013,/sites/default/files/2020-08/a1971.013.jpg,304
a1971.014,/sites/default/files/2020-08/a1971.014.jpg,305
a1971.015,/sites/default/files/2020-08/a1971.015.jpg,306
a1971.016,/sites/default/files/2020-08/a1971.016.jpg,302
a1971.017,/sites/default/files/2020-08/a1971.017.jpg,303
a1971.018,/sites/default/files/2020-08/a1971.018.jpg,296
a1971.018-1,/sites/default/files/2020-08/a1971.018-1.jpg,300
a1971.018-2,/sites/default/files/2020-08/a1971.018-2.jpg,299
a1971.018-3,/sites/default/files/2020-08/a1971.018-3.jpg,288
a1971.019,/sites/default/files/2020-08/a1971.019.jpg,297
a1971.020,/sites/default/files/2020-08/a1971.020.jpg,298
a1971.023,/sites/default/files/2020-08/a1971.023.jpg,294
a1971.024,/sites/default/files/2020-08/a1971.024.jpg,295
a1971.025,/sites/default/files/2020-08/a1971.025.jpg,292
a1971.026,/sites/default/files/2020-08/a1971.026.jpg,293
a1971.027,/sites/default/files/2020-08/a1971.027.jpg,290
a1971.028,/sites/default/files/2020-08/a1971.028.jpg,291
a1971.029,/sites/default/files/2020-08/a1971.029.jpg,289
a1971.030,/sites/default/files/2020-08/a1971.030.jpg,269
a1971.030-2,/sites/default/files/2020-08/a1971.030-2.jpg,285
a1971.031,/sites/default/files/2020-08/a1971.031.jpg,286
a1971.032,/sites/default/files/2020-08/a1971.032.jpg,287
a1971.033,/sites/default/files/2020-08/a1971.033.jpg,284
a1971.034,/sites/default/files/2020-08/a1971.034.jpg,283
a1971.035,/sites/default/files/2020-08/a1971.035.jpg,281
a1971.037,/sites/default/files/2020-08/a1971.037.jpg,282
a1971.038,/sites/default/files/2020-08/a1971.038.jpg,278
a1971.039,/sites/default/files/2020-08/a1971.039.jpg,279
a1971.041.01,/sites/default/files/2020-08/a1971.041.01.jpg,280
a1971.041.02,/sites/default/files/2020-08/a1971.041.02.jpg,276
a1971.042,/sites/default/files/2020-08/a1971.042.jpg,277
a1971.043,/sites/default/files/2020-08/a1971.043.jpg,274
a1971.044,/sites/default/files/2020-08/a1971.044.jpg,275
a1971.046,/sites/default/files/2020-08/a1971.046.jpg,273
a1971.047,/sites/default/files/2020-08/a1971.047.jpg,272
a1971.048,/sites/default/files/2020-08/a1971.048.jpg,270
a1971.049,/sites/default/files/2020-08/a1971.049.jpg,271
a1971.050,/sites/default/files/2020-08/a1971.050.jpg,267
a1971.051,/sites/default/files/2020-08/a1971.051.jpg,265
a1971.052,/sites/default/files/2020-08/a1971.052.jpg,268
a1971.053,/sites/default/files/2020-08/a1971.053.jpg,266
a1971.054,/sites/default/files/2020-08/a1971.054.jpg,262
a1971.055,/sites/default/files/2020-08/a1971.055.jpg,263
a1971.056,/sites/default/files/2020-08/a1971.056.jpg,260
a1971.057,/sites/default/files/2020-08/a1971.057.jpg,264
a1971.058,/sites/default/files/2020-08/a1971.058.jpg,261
a1971.059,/sites/default/files/2020-08/a1971.059.jpg,258
a1971.060,/sites/default/files/2020-08/a1971.060.jpg,259
a1971.061,/sites/default/files/2020-08/a1971.061.jpg,256
a1971.062,/sites/default/files/2020-08/a1971.062.jpg,257
a1971.063,/sites/default/files/2020-08/a1971.063.jpg,252
a1971.064,/sites/default/files/2020-08/a1971.064.jpg,253
a1971.065,/sites/default/files/2020-08/a1971.065.jpg,254
a1971.066,/sites/default/files/2020-08/a1971.066.jpg,255
a1971.067,/sites/default/files/2020-08/a1971.067.jpg,248
a1971.068,/sites/default/files/2020-08/a1971.068.jpg,249
a1971.069,/sites/default/files/2020-08/a1971.069.jpg,250
a1971.070,/sites/default/files/2020-08/a1971.070.jpg,251
a1971.071,/sites/default/files/2020-08/a1971.071.jpg,246
a1971.072,/sites/default/files/2020-08/a1971.072.jpg,247
a1971.073.01-1,/sites/default/files/2020-08/a1971.073.01-1.jpg,243
a1971.073.01-2,/sites/default/files/2020-08/a1971.073.01-2.jpg,244
a1971.073.01-3,/sites/default/files/2020-08/a1971.073.01-3.jpg,245
a1971.073.02-1,/sites/default/files/2020-08/a1971.073.02-1.jpg,241
a1971.073.02-2,/sites/default/files/2020-08/a1971.073.02-2.jpg,242
a1971.073.02-3,/sites/default/files/2020-08/a1971.073.02-3.jpg,240
a1971.074,/sites/default/files/2020-08/a1971.074.jpg,237
a1971.075,/sites/default/files/2020-08/a1971.075.jpg,239
a1971.076,/sites/default/files/2020-08/a1971.076.jpg,238
a1971.077,/sites/default/files/2020-08/a1971.077.jpg,235
a1971.078,/sites/default/files/2020-08/a1971.078.jpg,234
a1971.079,/sites/default/files/2020-08/a1971.079.jpg,236
a1971.080,/sites/default/files/2020-08/a1971.080.jpg,231
a1971.081,/sites/default/files/2020-08/a1971.081.jpg,233
a1971.082,/sites/default/files/2020-08/a1971.082.jpg,230
a1971.083,/sites/default/files/2020-08/a1971.083.jpg,232
a1971.084,/sites/default/files/2020-08/a1971.084.jpg,228
a1971.085,/sites/default/files/2020-08/a1971.085.jpg,229
a1971.086,/sites/default/files/2020-08/a1971.086.jpg,227
a1971.087,/sites/default/files/2020-08/a1971.087.jpg,226
a1971.088,/sites/default/files/2020-08/a1971.088.jpg,224
a1971.089,/sites/default/files/2020-08/a1971.089.jpg,225
a1971.090,/sites/default/files/2020-08/a1971.090.jpg,222
a1971.091,/sites/default/files/2020-08/a1971.091.jpg,223
a1971.092,/sites/default/files/2020-08/a1971.092.jpg,220
a1971.093,/sites/default/files/2020-08/a1971.093.jpg,221
a1971.094,/sites/default/files/2020-08/a1971.094.jpg,217
a1971.095,/sites/default/files/2020-08/a1971.095.jpg,218
a1971.096,/sites/default/files/2020-08/a1971.096.jpg,219
a1971.097,/sites/default/files/2020-08/a1971.097.jpg,215
a1971.098,/sites/default/files/2020-08/a1971.098.jpg,216
a1971.099,/sites/default/files/2020-08/a1971.099.jpg,213
a1971.100,/sites/default/files/2020-08/a1971.100.jpg,214
a1971.101,/sites/default/files/2020-08/a1971.101.jpg,211
a1971.102,/sites/default/files/2020-08/a1971.102.jpg,212
a1971.103,/sites/default/files/2020-08/a1971.103.jpg,208
a1971.104,/sites/default/files/2020-08/a1971.104.jpg,210
a1971.105,/sites/default/files/2020-08/a1971.105.jpg,205
a1971.107,/sites/default/files/2020-08/a1971.107.jpg,206
a1971.108,/sites/default/files/2020-08/a1971.108.jpg,207
a1971.109,/sites/default/files/2020-08/a1971.109.jpg,209
a1971.111,/sites/default/files/2020-08/a1971.111.jpg,202
a1971.112,/sites/default/files/2020-08/a1971.112.jpg,203
a1971.113,/sites/default/files/2020-08/a1971.113.jpg,199
a1971.115,/sites/default/files/2020-08/a1971.115.jpg,204
a1971.116,/sites/default/files/2020-08/a1971.116.jpg,200
a1971.117,/sites/default/files/2020-08/a1971.117.jpg,201
a1971.118.01,/sites/default/files/2020-08/a1971.118.01.jpg,198
a1971.120,/sites/default/files/2020-08/a1971.120.jpg,194
a1971.120-1,/sites/default/files/2020-08/a1971.120-1.jpg,192
a1971.120-2,/sites/default/files/2020-08/a1971.120-2.jpg,197
a1971.121,/sites/default/files/2020-08/a1971.121.jpg,195
a1971.122.01,/sites/default/files/2020-08/a1971.122.01.jpg,196
a1971.122.02,/sites/default/files/2020-08/a1971.122.02.jpg,193
a1971.123-1,/sites/default/files/2020-08/a1971.123-1.jpg,191
a1971.123-2,/sites/default/files/2020-08/a1971.123-2.jpg,190
a1971.124,/sites/default/files/2020-08/a1971.124.jpg,188
a1971.125,/sites/default/files/2020-08/a1971.125.jpg,189
a1971.126,/sites/default/files/2020-08/a1971.126.jpg,186
a1971.128,/sites/default/files/2020-08/a1971.128.jpg,185
a1971.129-1,/sites/default/files/2020-08/a1971.129-1.jpg,187
a1971.129-2,/sites/default/files/2020-08/a1971.129-2.jpg,183
a1971.130-1,/sites/default/files/2020-08/a1971.130-1.jpg,182
a1971.130-2,/sites/default/files/2020-08/a1971.130-2.jpg,184
a1971.131-1,/sites/default/files/2020-08/a1971.131-1.jpg,181
a1971.131-2,/sites/default/files/2020-08/a1971.131-2.jpg,179
a1971.132.01-1,/sites/default/files/2020-08/a1971.132.01-1.jpg,180
a1971.132.01-2,/sites/default/files/2020-08/a1971.132.01-2.jpg,177
a1971.132.01-3,/sites/default/files/2020-08/a1971.132.01-3.jpg,178
a1971.132.01-4,/sites/default/files/2020-08/a1971.132.01-4.jpg,175
a1971.134,/sites/default/files/2020-08/a1971.134.jpg,176
a1971.135-1,/sites/default/files/2020-08/a1971.135-1.jpg,174
a1971.135-2,/sites/default/files/2020-08/a1971.135-2.jpg,172
a1971.135-3,/sites/default/files/2020-08/a1971.135-3.jpg,173
a1971.136.01,/sites/default/files/2020-08/a1971.136.01.jpg,171
a1971.136.02,/sites/default/files/2020-08/a1971.136.02.jpg,170
a1971.137-1,/sites/default/files/2020-08/a1971.137-1.jpg,168
a1971.137-2,/sites/default/files/2020-08/a1971.137-2.jpg,167
a1971.138,/sites/default/files/2020-08/a1971.138.jpg,169
a1971.140-1,/sites/default/files/2020-08/a1971.140-1.jpg,166
a1971.140-2,/sites/default/files/2020-08/a1971.140-2.jpg,160
a1971.142.01,/sites/default/files/2020-08/a1971.142.01.jpg,165
a1971.142.02,/sites/default/files/2020-08/a1971.142.02.jpg,158
a1971.142.03,/sites/default/files/2020-08/a1971.142.03.jpg,159
a1971.142.04,/sites/default/files/2020-08/a1971.142.04.jpg,161
a1971.142.05,/sites/default/files/2020-08/a1971.142.05.jpg,162
a1971.144.01,/sites/default/files/2020-08/a1971.144.01.jpg,163
a1971.144.02,/sites/default/files/2020-08/a1971.144.02.jpg,164
a1971.144.03,/sites/default/files/2020-08/a1971.144.03.jpg,155
a1971.144.04,/sites/default/files/2020-08/a1971.144.04.jpg,156
a1971.145,/sites/default/files/2020-08/a1971.145.jpg,157
a1971.146-1,/sites/default/files/2020-08/a1971.146-1.jpg,153
a1971.146-2,/sites/default/files/2020-08/a1971.146-2.jpg,146
a1971.147,/sites/default/files/2020-08/a1971.147.jpg,154
a1971.148,/sites/default/files/2020-08/a1971.148.jpg,150
a1971.149,/sites/default/files/2020-08/a1971.149.jpg,151
a1971.150,/sites/default/files/2020-08/a1971.150.jpg,152
a1971.156,/sites/default/files/2020-08/a1971.156.jpg,147
a1971.157,/sites/default/files/2020-08/a1971.157.jpg,148
a1971.158,/sites/default/files/2020-08/a1971.158.jpg,149
a1971.160,/sites/default/files/2020-08/a1971.160.jpg,145
a1971.161,/sites/default/files/2020-08/a1971.161.jpg,138
a1971.162,/sites/default/files/2020-08/a1971.162.jpg,139
a1971.163,/sites/default/files/2020-08/a1971.163.jpg,140
a1971.164,/sites/default/files/2020-08/a1971.164.jpg,141
a1971.165,/sites/default/files/2020-08/a1971.165.jpg,142
a1971.166,/sites/default/files/2020-08/a1971.166.jpg,143
a1971.167,/sites/default/files/2020-08/a1971.167.jpg,144
a1971.168,/sites/default/files/2020-08/a1971.168.jpg,132
a1971.169,/sites/default/files/2020-08/a1971.169.jpg,135
a1971.170,/sites/default/files/2020-08/a1971.170.jpg,133
a1971.171,/sites/default/files/2020-08/a1971.171.jpg,134
a1971.172,/sites/default/files/2020-08/a1971.172.jpg,136
a1971.175,/sites/default/files/2020-08/a1971.175.jpg,137
a1971.176,/sites/default/files/2020-08/a1971.176.jpg,121
a1971.178,/sites/default/files/2020-08/a1971.178.jpg,122
a1971.179,/sites/default/files/2020-08/a1971.179.jpg,123
a1971.180,/sites/default/files/2020-08/a1971.180.jpg,124
a1971.181,/sites/default/files/2020-08/a1971.181.jpg,125
a1971.182,/sites/default/files/2020-08/a1971.182.jpg,126
a1971.183,/sites/default/files/2020-08/a1971.183.jpg,127
a1971.184,/sites/default/files/2020-08/a1971.184.jpg,129
a1971.185,/sites/default/files/2020-08/a1971.185.jpg,128
a1971.186,/sites/default/files/2020-08/a1971.186.jpg,130
a1971.187,/sites/default/files/2020-08/a1971.187.jpg,131
a1971.188,/sites/default/files/2020-08/a1971.188.jpg,114
a1971.189,/sites/default/files/2020-08/a1971.189.jpg,115
a1971.190,/sites/default/files/2020-08/a1971.190.jpg,116
a1971.191,/sites/default/files/2020-08/a1971.191.jpg,117
a1971.192,/sites/default/files/2020-08/a1971.192.jpg,118
a1971.193,/sites/default/files/2020-08/a1971.193.jpg,119
a1971.194,/sites/default/files/2020-08/a1971.194.jpg,120
a1971.195,/sites/default/files/2020-08/a1971.195.jpg,113
a1971.196,/sites/default/files/2020-08/a1971.196.jpg,112
a1971.196-1,/sites/default/files/2020-08/a1971.196-1.jpg,110
a1971.196-2,/sites/default/files/2020-08/a1971.196-2.jpg,111
a1971.197,/sites/default/files/2020-08/a1971.197.jpg,104
a1971.198,/sites/default/files/2020-08/a1971.198.jpg,105
a1971.199,/sites/default/files/2020-08/a1971.199.jpg,106
a1971.200,/sites/default/files/2020-08/a1971.200.jpg,107
a1971.201,/sites/default/files/2020-08/a1971.201.jpg,108
a1971.202,/sites/default/files/2020-08/a1971.202.jpg,109
a1971.203,/sites/default/files/2020-08/a1971.203.jpg,99
a1971.204,/sites/default/files/2020-08/a1971.204.jpg,100
a1971.205,/sites/default/files/2020-08/a1971.205.jpg,101
a1971.206,/sites/default/files/2020-08/a1971.206.jpg,97
a1971.210,/sites/default/files/2020-08/a1971.210.jpg,102
a1971.211,/sites/default/files/2020-08/a1971.211.jpg,103
a1971.212,/sites/default/files/2020-08/a1971.212.jpg,98
a1971.213-1,/sites/default/files/2020-08/a1971.213-1.jpg,95
a1971.213-2,/sites/default/files/2020-08/a1971.213-2.jpg,68
a1971.213-3,/sites/default/files/2020-08/a1971.213-3.jpg,96
a1972.002,/sites/default/files/2020-08/a1972.002.jpg,92
a1972.003,/sites/default/files/2020-08/a1972.003.jpg,93
a1972.008,/sites/default/files/2020-08/a1972.008.jpg,88
a1972.009,/sites/default/files/2020-08/a1972.009.jpg,89
a1972.010,/sites/default/files/2020-08/a1972.010.jpg,90
a1972.011,/sites/default/files/2020-08/a1972.011.jpg,91
a1972.014,/sites/default/files/2020-08/a1972.014.jpg,86
a1972.018-1,/sites/default/files/2020-08/a1972.018-1.jpg,85
a1972.018-2,/sites/default/files/2020-08/a1972.018-2.jpg,87
a1972.019,/sites/default/files/2020-08/a1972.019.jpg,94
a1972.020,/sites/default/files/2020-08/a1972.020.jpg,82
a1972.021,/sites/default/files/2020-08/a1972.021.jpg,83
a1972.022,/sites/default/files/2020-08/a1972.022.jpg,79
a1972.023,/sites/default/files/2020-08/a1972.023.jpg,80
a1972.024,/sites/default/files/2020-08/a1972.024.jpg,81
a1972.026,/sites/default/files/2020-08/a1972.026.jpg,84
a1972.027,/sites/default/files/2020-08/a1972.027.jpg,76
a1972.030,/sites/default/files/2020-08/a1972.030.jpg,77
a1972.031,/sites/default/files/2020-08/a1972.031.jpg,78
a1972.033,/sites/default/files/2020-08/a1972.033.jpg,71
a1972.034,/sites/default/files/2020-08/a1972.034.jpg,73
a1972.036,/sites/default/files/2020-08/a1972.036.jpg,74
a1972.037,/sites/default/files/2020-08/a1972.037.jpg,75
a1972.038,/sites/default/files/2020-08/a1972.038.jpg,67
a1972.039,/sites/default/files/2020-08/a1972.039.jpg,69
a1972.040,/sites/default/files/2020-08/a1972.040.jpg,70
a1972.041.02,/sites/default/files/2020-08/a1972.041.02.jpg,72
a1972.043,/sites/default/files/2020-08/a1972.043.jpg,59
a1972.044,/sites/default/files/2020-08/a1972.044.jpg,60
a1972.046,/sites/default/files/2020-08/a1972.046.jpg,61
a1972.051,/sites/default/files/2020-08/a1972.051.jpg,62
a1972.053,/sites/default/files/2020-08/a1972.053.jpg,65
a1973.001,/sites/default/files/2020-08/a1973.001_0.jpg,63
a1973.001,/sites/default/files/2020-08/a1973.001.jpg,3
a1975.002,/sites/default/files/2020-08/a1975.002.jpg,64
a1975.003,/sites/default/files/2020-08/a1975.003.jpg,66
a1976.005,/sites/default/files/2020-08/a1976.005.jpg,58
a1976.008-1,/sites/default/files/2020-08/a1976.008-1.jpg,54
a1976.008-2,/sites/default/files/2020-08/a1976.008-2.jpg,57
a1976.008-3,/sites/default/files/2020-08/a1976.008-3.jpg,56
a1976.009-1,/sites/default/files/2020-08/a1976.009-1.jpg,55
a1976.009-2,/sites/default/files/2020-08/a1976.009-2.jpg,51
a1976.009-3,/sites/default/files/2020-08/a1976.009-3.jpg,49
a1976.009-4,/sites/default/files/2020-08/a1976.009-4.jpg,52
a1977.006,/sites/default/files/2020-08/a1977.006.jpg,53
a1977.007,/sites/default/files/2020-08/a1977.007.jpg,50
a1977.008,/sites/default/files/2020-08/a1977.008.jpg,47
a1977.008-1,/sites/default/files/2020-08/a1977.008-1.jpg,48
a1977.008-2,/sites/default/files/2020-08/a1977.008-2.jpg,46
a1979.006,/sites/default/files/2020-08/a1979.006.jpg,45
a1979.008-1,/sites/default/files/2020-08/a1979.008-1.jpg,44
a1979.008-2,/sites/default/files/2020-08/a1979.008-2.jpg,42
a1979.022,/sites/default/files/2020-08/a1979.022.jpg,43
a1979.050,/sites/default/files/2020-08/a1979.050.jpg,39
a1979.051,/sites/default/files/2020-08/a1979.051.jpg,41
a1979.054,/sites/default/files/2020-08/a1979.054.jpg,35
a1979.058,/sites/default/files/2020-08/a1979.058.jpg,34
a1981.026,/sites/default/files/2020-08/a1981.026.jpg,36
a1984.004,/sites/default/files/2020-08/a1984.004.jpg,37
a1984.005,/sites/default/files/2020-08/a1984.005.jpg,40
a1984.006,/sites/default/files/2020-08/a1984.006.jpg,38
a1984.007,/sites/default/files/2020-08/a1984.007.jpg,31
a1985.003,/sites/default/files/2020-08/a1985.003.jpg,28
a1986.002,/sites/default/files/2020-08/a1986.002.jpg,32
a1989.040b,/sites/default/files/2020-08/a1989.040b.jpg,33
a1989.040c,/sites/default/files/2020-08/a1989.040c.jpg,29
either_a1971.173or177,/sites/default/files/2020-08/either_a1971.173or177.jpg,30
img_9334,/sites/default/files/2020-08/img_9334.jpg,27
img_9336,/sites/default/files/2020-08/img_9336.jpg,26
img_9338,/sites/default/files/2020-08/img_9338.jpg,24
img_9340,/sites/default/files/2020-08/img_9340.jpg,25
img_9342,/sites/default/files/2020-08/img_9342.jpg,23
img_9346,/sites/default/files/2020-08/img_9346.jpg,22
img_9360,/sites/default/files/2020-08/img_9360.jpg,20
img_9362,/sites/default/files/2020-08/img_9362.jpg,21
img_9382,/sites/default/files/2020-08/img_9382.jpg,18
img_9384,/sites/default/files/2020-08/img_9384.jpg,19
img_9385,/sites/default/files/2020-08/img_9385.jpg,17
img_9403,/sites/default/files/2020-08/img_9403.jpg,16
img_9404,/sites/default/files/2020-08/img_9404.jpg,13
img_9407,/sites/default/files/2020-08/img_9407.jpg,15
img_9410,/sites/default/files/2020-08/img_9410.jpg,14
img_9445,/sites/default/files/2020-08/img_9445.jpg,12
img_9446,/sites/default/files/2020-08/img_9446.jpg,11
maybe_a1971.091-02,/sites/default/files/2020-08/maybe_a1971.091-02.jpg,9
maybe_a1971.133,/sites/default/files/2020-08/maybe_a1971.133.jpg,10
maybe_a1971.143.03,/sites/default/files/2020-08/maybe_a1971.143.03.jpg,7
maybe_a1971.144.01,/sites/default/files/2020-08/maybe_a1971.144.01.jpg,8
maybe_a1974.001x,/sites/default/files/2020-08/maybe_a1974.001x.jpg,5
no_idea,/sites/default/files/2020-08/no_idea.jpg,6